{"cameraMode":{"drawMode":0,"name":"Shaded","section":"Shading Mode"},"sceneLighting":true,"audioPlay":false,"sceneViewState":{"showFog":true,"showMaterialUpdate":false,"showSkybox":true,"showFlares":true,"showImageEffects":true,"showParticleSystems":true},"in2DMode":false,"pivot":{"x":-114.75090026855469,"y":-196.15072631835938,"z":39.73659896850586},"rotation":{"x":0.019488152116537095,"y":0.032987743616104129,"z":-0.0006433426169678569,"w":0.9992655515670776},"size":692.3668823242188,"orthographic":false}